rank,hotspot address,packet count,name
5,13ogvGGn33e2NNqG7QHaTGdmPMTLtHaNJwyNEE2XEuDnRZzzphM,845405,
25,14YL3q3a3iWv4irbFQMd74EDgvWmQR8m6Qg2bQS2g91JZMCGJmV,422210,
72,119jXYPLyc9JEduZ2ccNtmU27to1rHrVRkqFh28L6BzsHHxHMRa,95315,
74,14nfYxyTn3a6hVP9aqLYe6NE71jntZhDbWWcsoCy4MZbnhby633,93884,
79,13eG5Pmp5R4zcpcqmkL4SWGuRQhrfTjPpR11MiUYtrgPbfv4La8,80090,
128,11L2EMTsZuWVDzYq8XyZDdgTnBSLgQ6eyPutweg18xvmqHiCdif,25595,
183,11UCTZ9Ho1cJZPKAhfPDN8Dgi92yuGfQ7bhNk6BdFthK6dLTFqW,15509,
199,112sNbcNPFVVvcvZV8mxy73s4agskhUTyEXv8ECyjVNqGWWGZJ9L,14502,
200,12zXiMZsYjAPgPpR6hwDabiw8MqkXwa9qt9arnUqJ4C93jApsYq,14479,
201,112PFkwfq28CvFr8cHDxAMh65vyRLKzKLsNkwMvbqUD7WifcAXDf,14379,
208,11YzQVCaPB8H8dSjtHZBkr3L5fahD7zX6MCni9jqvEaLDBoZW6X,14119,
216,112zC8FN5BXyChUx9U31sMPDBrzBHDZ5XHoLs87gzCtKNA7k8dm,13712,
241,11NL1hA8HTxub1xPkPKcdyH9ajfCik2XRkYD6g2tyxkWywG9mKE,11916,
243,11jhCtnHXnbEczcBRVes18DNpJeLxhAkWnHA2n3G1nrVST8nKHV,11675,
255,112KBQSUagS8NcRJwFxULGi3cukVDvHzreSpCCr6ghSbp7vQxq46,11066,
256,1126cX3Z1vc5gPtGmCCBRKZWWNc8e2ijyFFzvF32FRkjoVxL2HYt,11023,
272,112Nk9J71AiZKxmPrdp9AjuW95jxQKgHqbShU4zWzn7dhmFtLsjC,10454,
291,112is2nrtasNjMqu3TUYKQY2x5whxQ25d6dKAcxUQVGut4Gdfnhv,9690,
301,1154t55zg4JtvunLLAJs23vtBP6C5uQX3kwzsxzVdXGAV6JX6bL,9359,
308,14aT1761waxVvaU9Z7PHVGVTSWHDyv38om8P2bRjfDTCrkSmrSB,9060,
324,112Scgh6Sza34fNTysEfsz9UVHt3rFTAz5ZYzDNdsDagToGYrTU3,8667,
331,112gh3ooyNe1dLntJDD6RdMTHvb1JxmTgRN5p9Hvhn1WxUaAqgdg,8498,
341,137ZTR95DF2FKwUnk1Yg68PNz7YzzhLKKznmGm1CVhkNVc2xa6h,8227,
363,11s62YTpLFyZS7DqQD24Co6eb4UUcqGuzTpz6ZPon9PaMF5KUUH,7688,
379,112UAsuSJZ2pGu2heSqS9Kci4WJWkwAPE9FhAjoALvik3ZxSnmgK,7256,
436,112JmomA5J1df9J2AEgcvXCAhTnzWjcXzLwWSjoEjEpKEg7fejo4,6424,
443,112YKrzzZgDtaXH3vYdfQUGfSeUfRBcVZcEwvYwdi45dN46jk15h,6306,
463,112BqR7oavzQ24xj15bTFAiRmo6ainpE6CBg199jfA5y2Zkq6jdS,6086,
464,11rP59opnmKehxUQgEs8DAd42zpwQAqvJkcxUNtqWMGGzzxfmR7,6080,
469,112PuVRe3b5kkVbfMudBWGdkwhAPQpEVx4sAxfYf2LgkdVs3hPcN,6035,
490,112gXzk48fjZfVNjep49p6CJMpUYafhKjMaqnMoJpR75cNmFDgCJ,5824,
501,112EQDruewoLEnFPWyVbKbF6hUd3mPumUHduS7suXCwdsSPMVwNs,5703,
502,112wGV3wt3oKAtgE8z5S8Yv6YWp8XQ8Jx3qmgniJNrqhmC582Rty,5686,
511,1127QMmqNiWSNtNhNZPK8oeM1Ax4sLh9T7RauPVy7TB14aUmzvUW,5566,
544,112siDmF1oTSZGsBJDPYvSXZ5wFogM4CUsvw9EkqPNddbJfoJEP2,5117,
564,11KXSB63J5e2dcKckbPmnVBud4zJHZqWeQxNzvsnKjBrBJJeyPg,4942,
569,13dv8r1zbiTwuLbZSDV8xztPakd4ci2qEqfrL1HQrtmPBU1cf25,4828,
579,112eDzCsxTCvsmHiPMUJwmoETS5kBQMqTh4BospAApVt3wUG1qTF,4778,
584,112wbgRmwMuEzS4GfRYk6wZr4ebFoBp41tP4xTpymhvEvZ1KrbJ6,4747,
594,11J7VpuSsFW3CboU5nXmUY7LDrzmZymaxJXn8ygxA2jfN2VKu1f,4660,
623,143SskF6CyJHV8FXdxDqwxFV8jHy5Haw638XZbo7kEMHKdv91oa,4462,
656,11pr7RN6exZVW7yHPD5fyURX1DYa6n82nDWxbwBqTwaEuDC2qKC,4264,
678,13UfzZNEn6xwaXMzGUPBp97jjHWPm6SHnCP4qNFKGQRBzU8hLVi,4113,
700,11ZTGE43vuc1mUVgRiYwyELZyc6ByDYfh22BVMWySP6AdkxssHd,3979,
717,11hY3kvnuVoaP9rifRmAN6zjrxiLeqNvNMVVrMefXNdzaDHYEJC,3882,
769,11252pyLnXv7Pc8FPsRNiCHiSAPeanL4R8tPqckN66JTcaqCLXyc,3644,
772,112pec5bfmBLujsa938zwrnJ2DuMan8yyupiUNaVDYiTWd5a4J6G,3638,
796,112EuWYzfqoJfbtYbujUimSZYvopcSD4rvem9RbnY2Ka6G9TkXE4,3542,
798,11248JHMrNBkjywq863wfu6QJNRGEceyT2SCNgcyvPPSFcyWSTkM,3509,
804,1128BGDGxPhBCPpzgbvqyZxVXkFDUcPw2RKhFNieH9ChXj9au82U,3489,
819,135W4UnfRnBgH1XCDNua2PDajGWG1SEbC3BEZDfKMPaWqTyNX78,3416,
821,11T6jZzae9q6S6vWqEE2Cm3mBDUbEjUBtxV5cHhejfSVNyCi7sP,3411,
855,147Y88TpSgXCPnd3cYK8BGNkDfCA53C78appwEfrnubuFiRBPqQ,3263,
893,1131neY8UFsNebUkYyTUmNt2dxGSW37ykuqAPn1K4oJhXXxz2BY,3067,
900,112SaD7odQve7sPBQFXXvXajz1zQvWbP6jU1pu28yWUToFxDoAao,3033,
942,112nkorAc4JWgd61nmrkyPENuxjUuLSMtwzXtEbQCR3RWkV5TkNV,2903,
973,11bJqLp1nQFuii6BYht36Nt5kSWcEmsATCuHo31ZDoXBSPQ3SAN,2795,
1017,11RUSKB2aG9dHP7ehyt2pdik8Z2GsrcrhvHpJfo3LXhHLXSp9NR,2705,
1041,11iGjBKQDh1nk9Mt8GXU9wrxeBF8qD5LjaMB9xp5W6YvYpcMk28,2629,
1042,112AWTrF1oEN1CESPNQv91MS5YuAHbGndWBPqgSsNzSpLbs2x2dS,2628,
1052,112JaGCTNdsJrPGejntBN9nQrP7GSApJ34x5gBxkNLKdv6w8Mutk,2606,
1085,11Le82pZ1UD2jJbppSvBRJ56NArKb2WR2zfYBb1JkbKj3Deyx5r,2504,
1087,112QZQ9ZHrTTBirb2z6541snAfLxQsfXuEKcF9e8RNjEZUt96rgA,2491,
1104,14QfDL4KHEhugzBcPnXDCH9gLHT2ussWkyXPM2vR9PtVyYRBNPU,2458,
1132,11jBDHBvcJsZEsnhVT17hxLy9UBPgohShbjd8hDT1EiEC69FRKp,2404,
1139,11Y38ma7yZvKB9AcAHK9KBBPS8yMLLmz16d1McGm5rYEZMPcVdX,2394,
1144,11LXQrpz9Vrr6G2i1EzRU3LZpmF5MRS98B233UGzV41sD8jyrzn,2389,
1153,11p8B3Q59KRMYj2f4SQJMq9ZZPS1tTQEfqKwqEsXdSNQhXCrfcT,2371,
1155,112ufMUhuoFtwfgJb2WwQcbudJ3UM6cA8cR1QCrKE8bdearEjHd2,2360,
1169,112Z9bYbJtKJXr98CzXNLynxSu2QgzWdFX9miCQ2hxGDKGJTjkDE,2331,
1171,11YQjT4qejKicwHuKEHYKFDnMJzy7i8uF3pGRxHbw5i3VtJSrG,2318,
1177,112682WpjbH1UjoCgbXCxsJzgJDAkK3JHt8Y1sMfmABoCoRvocKA,2306,
1179,11SmBHaDwZ9C5JYoNFmAnzqUR5SJP4VwPxDkN7LTxQ7p8tqRRbB,2303,
1192,118AkHUC8D8VDYnSceYybFknBEGMgc1diL5Mrm8oTuPov8h9cuQ,2267,
1194,113eaAw6KaGQdcsuPNNvizGnL4MRmXs1MAncFAocDZTT6ARo3vy,2266,
1195,11bwiyWqD2WFsCcVUySuzAuzhXoeeANicdMrHTKYjo7syHgmuzL,2263,
1214,11hWFU7UdredKg19FAxvasYG8ouYbYqhCCnXDDM59t9a7Pz39f3,2228,
1227,13eToCfx1uxG5DZm2ibdKKZyJeUxUe9e7guUKddW64DcBi57Vuu,2196,
1245,11y82YXbVwthfXZWHYZqTUT7geGeuySaUWF4JjvtnFTyeBYpyjc,2164,
1259,1125PeaCrq56CNxFQmUuunXnHcAKbEbY3fauiCeAky9FzdWbECF1,2142,
1267,13XgA3STKoyDMYnBLYtmxzSVuhieYfcRSnkgDT3cBNBCtasB1LM,2126,
1320,11v5K85w6YPatAJ9EsC3rfa9Ch7yoY3TWbniqLQipmPnWaYeXE3,2035,
1355,11YDbZjMXYpsbbyQzNAcfo2pqxEU1vsAxhkkGFHaWpMnFzoqfiq,1981,
1359,11cfQBLWf8sCszETu4uVsCjvCcNZCm61EvRuSt3awUwfrHGYwqq,1977,
1387,11ep4CBMkLQBZjk5SPeRFo2pZKqJGubQhna2YtLmYNhTY6qe3mN,1944,
1422,14tChsyerWvgpEuQnkZcKcdYPGT9ksmkPFBjgyLALz5cbJa3o4M,1899,
1443,112QyF8DtK6CQia7LxRtCeM3439wA6TGrogSp4zZ6qURT8FbRmVD,1864,
1444,112LWPYpfC8nXbJ2y3wt9TADavH2QYJgf9ga4cppC2gvHRAttV6c,1860,
1445,11MP5MyTxrZZvVGgmQf82YEV1RUV9U1MqP9gqvTCWHSZ4swMYdU,1857,
1453,112cKWZ2oxx2zAmhrCFoGdeiAborCRbBPvjjUikrQvUTPjjT3DR1,1846,
1498,112YgUUrCMQhGGtNJqWNavZ4Qyr4ZtEQjuDrRsnFvfoJkC6GazBC,1778,
1520,11iipoYPJf6yGNsA2e1y5M4z1hDCnLFyqihQFnwiXScbPxhdHtM,1760,
1528,14oQGpZDKjFGZHuwQBLba4Pu3xSMRRmEN493mFdSHXXrEp4W9gp,1753,
1530,11pUsc8x714ZeRAtSKkZRxA7EeuCew4EdKrkNwnaKEHmnXJewMM,1752,
1531,11prgwtFjBAvbT3xZWrzb4XjAFpY5yTBwsvcQxcNRuwXPGkGMrS,1752,
1537,112AdoKsxzfhMJGP6mGVta7ZNpw5PerDZkK3yqvVeuUUpjEUucz5,1750,
1539,11VPArx1vBwo59vVVbY9YNYfYg5p6HR6vFXd7excAWqsrwNSDks,1748,
1563,112greeCUURF89RBnrxBfythym4pJMSqK75yyxmSh5yvS1kP3jCe,1717,
1589,11bwsn4QYbXvVfGf8KHkjNoPVYuSG3zbw8X9HFU6fYKez1KULY,1697,
1620,112BKR2xjqPHoeuSTq5jSFRNfFdGHcpx19BBAzhMZ1k8ehQawbKo,1666,
1646,11xZvF5ScSHQBY8qivqrMrHDHdzqGiUEtAdh41uYs7gaCf4Ta3H,1643,
1662,112VuZHn8CBDLPkVkMEJTpZq3p1RWxtBsD94QRu7UHHxNDymJZDG,1627,
1665,112aZijacbwncGJCLMFsXqcVacup5UHs1xTHMcmuvjrCpK9eUdD3,1625,
1681,114pKqTk33srbkbiWR7ZiTLJ5ygc8RnCBKvAxmRabGw2ckTUHZk,1605,
1696,112cMGaBGRmhxwrzmVbBwLeTNK3bPNZSwqZUryB5rJfH5DK3epiz,1596,
1717,11toz227sLe3xoA7vWgGt5ZnMQBDzuMdodYkcWpMFt9ERP5VfQq,1578,
1750,11ih1DF7shymMfXih9yEEy4P43bzsg1srdJk3BTRQNbPeqUbaMM,1546,
1793,11gousvafVm11ZJCyhTErm9HmC77KaqM9DdpkgeAou5g9BT2rUg,1509,
1796,112Dxkyi9wKwGE3WAyezcotExz6EixALc4j65rmKKziD6EDc66c8,1505,
1831,112tiGdE2iPRFgew3JzURC1nDpDptCw5tsW7oFzisaZaugM2steC,1481,
1841,112R6aCm8K6D7jzRU4ScPknpAxvPYBK2BTBbm8HKddTQZAm8ca9i,1473,
1853,11mg7X6tCCdBTDqr6bnfw3GwYZ3waeoUnXaE8i2AxrgFjXZtzFD,1459,
1893,112jmYz5gWzHiFyj5LYutdnQLCRTd4QyMPdn8tYFbCoKd5cTLSMJ,1430,
1903,112gvSNALZmj3bquZgf5Bee7ovhYDaTPo9HjZWdyYpuLGpVxZAFc,1425,
1912,112rfYcEZxuw795CNW6GhTvUJETbQ2z3f9nFuWzvZpUGVfw7cstW,1422,
1924,11o6h1vgVTGsvdnKZEjaiDTdfvmCZp6w4cvyMBG1U6P2T9KQT68,1415,
1925,11Aitj9NvbNKXAkJFRnmmfx7WAVC5jPm9q1MvvuUpwFRWBNJsxD,1414,
1934,119Zp3kNvvsjvpeBjdAARp4Vq265e4bbuS4qSTe5vEQeLndckKi,1404,
1978,112AkdMfZyCZ9364xvwVEfqX2rDcBEpNe9co7GHk5G6RxSVAjkKa,1366,
1986,1127eXzkpdC9QTLZntRwPfFayRs5tZWAzWgWti8wpn7cA5axataj,1362,
1988,11LkUEvbMq8UFjW5dV7SovLNvg6z3ob7anYczAHvrpQSQ4sdtB7,1361,
